Midnight Light,response 1,
Joseph Howard,response 2,
The Mighty Midge,firey firey firey,
Meester Tweester,response 3,
PingPongCupShots,this s a great response,
Tak Ajnin,this is the sixth response,10
Yessoan,ABCDEFGHIJKLMNOPQRSTUVWXYZABCDEFGHIJKLMNOPQRSTUVWXYZABCDEFGHIJKLMNOPQRSTUVWXYZABCDEFGHIJKLMNOPQRSTUVWXYZ,
GreenTree,a a a a a a a a a a a a a a a a a a a a a a a a a a a a a a a a a a a a a a a a a a a a a a a,
Endr,this is a super long response just to see how line breaks work. I think this is enough. Actually that wasn't we have to go quite a bit longer to see how well it works,
Endr,01101100 01101111 01101111 01101011 01110011 00100000 01101100 01101001 01101011 01100101,
